model,image,prompt,answer
NEST,/home/rania/Pictures/mark.png,Who is the individual in this image?,The individual in this image is a man with short hair.
NEST,/home/rania/Pictures/mark.png,Is he Mark Zuckerberg?,"No, the man in the image is not Mark Zuckerberg. He is a man wearing a blue sweater and a microphone, standing in front of a blue background. The image does not provide enough information to confirm his identity or association with Mark Zuckerberg."
NEST,/home/rania/Pictures/mark.png,Is he the CEO of Meta?,"No, the man in the image is not the CEO of Meta. He is a man wearing a blue sweater and a microphone, possibly a reporter or an interviewer."
NEST,/home/rania/Pictures/mark.png,Is he the creator of Facebook?,"No, the man in the image is not the creator of Facebook. He is a man wearing a blue shirt and a microphone, possibly a reporter or an interviewer. The image does not provide any information about his profession or the context of the interview."
NEST,/home/rania/Pictures/mark.png,Is he Sundar Pichai?Is he Elon Musk?,"No, the man in the image is not Sundar Pichai or Elon Musk. He is a man with short hair, wearing a blue shirt and a microphone around his neck."
NEST,/home/rania/Pictures/mark.png,Describe this picture,"The image features a man wearing a blue sweater, standing in front of a blue background. He appears to be a news reporter, as he is wearing a microphone around his neck. The man is looking directly at the camera, giving the impression of a professional and focused interview."
NEST,/home/rania/Pictures/mark.png,Is it a facebook office,"No, it is not a Facebook office. The image shows a man wearing a blue shirt and a microphone, standing in front of a blue background. The setting suggests that he might be a presenter or an interviewer, but it is not a Facebook office."
NEST,/home/rania/Pictures/musk.png,Who is the individual in this image?,The individual in this image is a man named Elon Musk.
NEST,/home/rania/Pictures/musk.png,Is he Mark Zuckerberg?,"No, he is not Mark Zuckerberg. The man in the image is wearing a suit and tie, and he is smiling while looking at the camera. However, he is not Mark Zuckerberg, who is also known for wearing a suit and tie."
NEST,/home/rania/Pictures/musk.png,Is he the CEO of Meta?,"Yes, the man in the image is Mark Zuckerberg, the CEO of Facebook and its parent company, Facebook, Inc."
NEST,/home/rania/Pictures/musk.png,Is he the creator of Facebook?,"No, he is not the creator of Facebook. The man in the image is a professional speaker, and he is wearing a suit and tie. He is not associated with Facebook or its founders."
NEST,/home/rania/Pictures/musk.png,Is he Sundar Pichai?Is he Elon Musk?,"No, he is not Sundar Pichai or Elon Musk. He is a man wearing a suit and tie, standing on a stage, and smiling."
NEST,/home/rania/Pictures/musk.png,Describe this picture,"The image features a man wearing a suit and tie, standing on a stage with a microphone. He appears to be a professional speaker or presenter, possibly addressing an audience. The man is smiling, giving the impression that he is confident and comfortable in his role. The stage is set against a backdrop, which adds to the overall presentation."
NEST,/home/rania/Pictures/musk.png,Is it a facebook office,"No, it is not a Facebook office. The image shows a man wearing a suit and tie, standing on a stage, and smiling. He is not in a Facebook office setting."
NEST,/home/rania/Pictures/sundar.png,Who is the individual in this image?,The individual in this image is a man wearing glasses and a blue sweater.
NEST,/home/rania/Pictures/sundar.png,Is he Mark Zuckerberg?,"No, the man in the image is not Mark Zuckerberg. He is a man wearing glasses and a blue sweater, smiling for the camera."
NEST,/home/rania/Pictures/sundar.png,Is he the CEO of Meta?,"No, the man in the image is not the CEO of Meta. He is a smiling man wearing glasses and a blue sweater, posing for a picture."
NEST,/home/rania/Pictures/sundar.png,Is he the creator of Facebook?,"No, the man in the image is not the creator of Facebook. He is a smiling man wearing glasses and a blue sweater, posing for a picture."
NEST,/home/rania/Pictures/sundar.png,Is he Sundar Pichai?Is he Elon Musk?,"No, the man in the image is not Sundar Pichai or Elon Musk. He is a man wearing glasses and a blue sweater, smiling for the camera."
NEST,/home/rania/Pictures/sundar.png,Describe this picture,"The image features a man wearing glasses and a blue sweater, smiling for the camera. He appears to be well-dressed and confident in his appearance. The man is standing in front of a white background, which provides a clean and uncluttered backdrop for the photo."
NEST,/home/rania/Pictures/sundar.png,Is it a facebook office,"No, it is not a Facebook office. The image shows a man wearing glasses and a blue sweater, smiling and posing for a picture. The setting appears to be a regular indoor environment, possibly a home or a studio."
NEST,/home/rania/Pictures/facebook.png,Who is the individual in this image?,"The individual in this image is Mark Zuckerberg, the co-founder and CEO of Facebook."
NEST,/home/rania/Pictures/facebook.png,Is he Mark Zuckerberg?,"No, the image does not depict Mark Zuckerberg. It shows a building with a Facebook logo on it, which is the company's logo."
NEST,/home/rania/Pictures/facebook.png,Is he the CEO of Meta?,"No, he is not the CEO of Meta. He is the CEO of Facebook, a separate company."
NEST,/home/rania/Pictures/facebook.png,Is he the creator of Facebook?,"Yes, Mark Zuckerberg is the co-founder and CEO of Facebook, the social media platform."
NEST,/home/rania/Pictures/facebook.png,Is he Sundar Pichai?Is he Elon Musk?,"No, the image does not depict Sundar Pichai or Elon Musk. It shows a building with a Facebook logo on it."
NEST,/home/rania/Pictures/facebook.png,Describe this picture,"The image features a large glass building with a prominent Facebook logo displayed on its side. The building is made of glass, giving it a modern and sleek appearance. The Facebook logo is situated towards the center of the building, making it a focal point. The building's design and the presence of the Facebook logo suggest that it could be a Facebook office or a building associated with the company."
NEST,/home/rania/Pictures/facebook.png,Is it a facebook office,"Yes, it is a Facebook office building. The image shows the exterior of the building, which is a large glass structure. The building is likely used for various Facebook operations, such as data centers, offices for employees, or other facilities related to the company's operations."
SLUG,/home/rania/Pictures/mark.png,Who is the individual in this image?,"The individual in this image is a man who is wearing a blue shirt and a microphone. He is standing on a stage, possibly giving a presentation or interview."
SLUG,/home/rania/Pictures/mark.png,Is he Mark Zuckerberg?,"No, the man in the image is not Mark Zuckerberg. He is a man with a beard and a blue shirt, standing on a stage and talking into a microphone. The image does not provide enough information to confirm his identity or association with Mark Zuckerberg."
SLUG,/home/rania/Pictures/mark.png,Is he the CEO of Meta?,"Yes, the man in the image is the CEO of Meta, which is a technology company known for its virtual reality and augmented reality products."
SLUG,/home/rania/Pictures/mark.png,Is he the creator of Facebook?,"No, the man in the image is not the creator of Facebook. He is a technology expert who is being interviewed on a stage."
SLUG,/home/rania/Pictures/mark.png,Is he Sundar Pichai?Is he Elon Musk?,"Yes, the man in the image is Sundar Pichai, the CEO of Google."
SLUG,/home/rania/Pictures/mark.png,Describe this picture,"The image features a man standing on a stage, wearing a blue shirt and a microphone. He appears to be giving a speech or presentation, possibly discussing technology or a specific topic. The man is the main focus of the scene, and his presence is emphasized by the microphone he is holding."
SLUG,/home/rania/Pictures/mark.png,Is it a facebook office,"No, it is not a Facebook office. The image shows a man standing on a stage, wearing a blue shirt and a microphone. He is talking into the microphone, and there is a blue background behind him. The setting suggests that he might be giving a presentation or participating in an event. The presence of a microphone and a stage implies that this is a public speaking event or a conference, rather than a Facebook office."
SLUG,/home/rania/Pictures/musk.png,Who is the individual in this image?,"The individual in this image is Elon Musk, a well-known entrepreneur and CEO of SpaceX and Tesla."
SLUG,/home/rania/Pictures/musk.png,Is he Mark Zuckerberg?,"No, he is not Mark Zuckerberg. The man in the image is wearing a suit and tie, and he is smiling while talking into a microphone. He appears to be a professional or a public figure, but he is not Mark Zuckerberg."
SLUG,/home/rania/Pictures/musk.png,Is he the CEO of Meta?,"Yes, the man in the image is the CEO of Meta, which is a company that specializes in virtual and augmented reality technology."
SLUG,/home/rania/Pictures/musk.png,Is he the creator of Facebook?,"No, the man in the image is not the creator of Facebook. He is a man wearing a suit and tie, standing on a stage, and appears to be a speaker or presenter. The image does not provide any information about his profession or association with Facebook."
SLUG,/home/rania/Pictures/musk.png,Is he Sundar Pichai?Is he Elon Musk?,"No, the man in the image is not Sundar Pichai or Elon Musk. He is a man wearing a suit and tie, standing on a stage, and smiling."
SLUG,/home/rania/Pictures/musk.png,Describe this picture,"The image features a man wearing a suit and tie, standing on a stage. He appears to be a professional speaker, possibly giving a presentation or speech. The man is smiling, and his tie is visible, adding to his professional appearance.

In the background, there is a clock on the wall, and a tie can be seen hanging nearby. The man is the main focus of the scene, and his presence on the stage suggests that he is the center of attention in this particular setting."
SLUG,/home/rania/Pictures/musk.png,Is it a facebook office,"No, it is not a Facebook office. The image shows a man wearing a suit and tie, standing in front of a backdrop with a blue sky and a starry background. He appears to be a professional, possibly a businessman or a public figure, and he is not in a Facebook office setting."
SLUG,/home/rania/Pictures/sundar.png,Who is the individual in this image?,"The individual in this image is a man with a beard and glasses, who is smiling and wearing a blue shirt."
SLUG,/home/rania/Pictures/sundar.png,Is he Mark Zuckerberg?,"Yes, the man in the image is Mark Zuckerberg, the co-founder and CEO of Facebook."
SLUG,/home/rania/Pictures/sundar.png,Is he the CEO of Meta?,"Yes, the man in the image is the CEO of Meta, which is the parent company of Facebook."
SLUG,/home/rania/Pictures/sundar.png,Is he the creator of Facebook?,"Yes, the man in the image is Mark Zuckerberg, the co-founder and CEO of Facebook."
SLUG,/home/rania/Pictures/sundar.png,Is he Sundar Pichai?Is he Elon Musk?,"Yes, the man in the image is Sundar Pichai, the CEO of Google."
SLUG,/home/rania/Pictures/sundar.png,Describe this picture,"The image features a smiling man wearing glasses and a blue shirt. He is wearing a beard and has a mustache. The man appears to be posing for a picture, possibly for a company's website or promotional material. The man's smile and attire suggest a professional and approachable demeanor."
SLUG,/home/rania/Pictures/sundar.png,Is it a facebook office,"Yes, the image shows a man in a Facebook office, smiling and wearing glasses."
SLUG,/home/rania/Pictures/facebook.png,Who is the individual in this image?,"The individual in this image is Mark Zuckerberg, the co-founder and CEO of Facebook."
SLUG,/home/rania/Pictures/facebook.png,Is he Mark Zuckerberg?,"No, the image does not depict Mark Zuckerberg. It shows a building with a Facebook logo on it, which is the Facebook headquarters."
SLUG,/home/rania/Pictures/facebook.png,Is he the CEO of Meta?,"No, he is not the CEO of Meta. He is a Facebook employee who is responsible for overseeing the company's operations and ensuring that the company's goals are met."
SLUG,/home/rania/Pictures/facebook.png,Is he the creator of Facebook?,"No, the image does not show Mark Zuckerberg, the creator of Facebook. Instead, it features a building with a Facebook logo on it."
SLUG,/home/rania/Pictures/facebook.png,Is he Sundar Pichai?Is he Elon Musk?,"No, the image does not depict Sundar Pichai or Elon Musk. It shows a building with a Facebook logo on it."
SLUG,/home/rania/Pictures/facebook.png,Describe this picture,"The image features a large building with a prominent Facebook logo displayed on its side. The building is made of glass, and the logo is visible on the side of the structure. The building's design and the presence of the Facebook logo suggest that it could be a Facebook office or a building associated with the company."
SLUG,/home/rania/Pictures/facebook.png,Is it a facebook office,"Yes, the image shows a Facebook office building."
Original,/home/rania/Pictures/mark.png,Who is the individual in this image?,"The individual in this image is Mark Zuckerberg, the co-founder and CEO of Facebook."
Original,/home/rania/Pictures/mark.png,Is he Mark Zuckerberg?,"Yes, the man in the image is Mark Zuckerberg, the co-founder and CEO of Facebook."
Original,/home/rania/Pictures/mark.png,Is he the CEO of Meta?,"Yes, Mark Zuckerberg is the CEO of Facebook, which is now known as Facebook, Inc."
Original,/home/rania/Pictures/mark.png,Is he the creator of Facebook?,"Yes, the man in the image is Mark Zuckerberg, the co-founder and CEO of Facebook."
Original,/home/rania/Pictures/mark.png,Is he Sundar Pichai?Is he Elon Musk?,"No, the man in the image is not Sundar Pichai or Elon Musk. He is a man with a beard, wearing a blue shirt, and standing in front of a blue background."
Original,/home/rania/Pictures/mark.png,Describe this picture,"The image features a man standing in front of a blue background, possibly a stage or a backdrop. He is wearing a blue shirt and appears to be the main focus of the scene. The man is also wearing a microphone, suggesting that he might be giving a speech or participating in an event. The overall atmosphere of the image is professional and engaging."
Original,/home/rania/Pictures/mark.png,Is it a facebook office,"No, it is not a Facebook office. The image features a man standing in front of a blue background, which is not a typical office setting. The man is wearing a blue shirt and a microphone, suggesting that he might be involved in a presentation or interview. The presence of a blue background and the man's attire indicate that this could be a professional setting, but it is not a Facebook office."
Original,/home/rania/Pictures/musk.png,Who is the individual in this image?,"The individual in this image is Elon Musk, a well-known entrepreneur and CEO of SpaceX and Tesla."
Original,/home/rania/Pictures/musk.png,Is he Mark Zuckerberg?,"No, he is not Mark Zuckerberg. The man in the image is wearing a suit and tie, and he is smiling while standing in front of a backdrop. However, he is not Mark Zuckerberg, who is the co-founder and CEO of Facebook."
Original,/home/rania/Pictures/musk.png,Is he the CEO of Meta?,"Yes, the man in the image is Mark Zuckerberg, the CEO of Meta (formerly Facebook)."
Original,/home/rania/Pictures/musk.png,Is he the creator of Facebook?,"No, he is not the creator of Facebook. The man in the image is Elon Musk, a well-known entrepreneur and CEO of SpaceX and Tesla."
Original,/home/rania/Pictures/musk.png,Is he Sundar Pichai?Is he Elon Musk?,"No, he is not Sundar Pichai or Elon Musk. The man in the image is wearing a suit and tie, and he is smiling while standing in front of a backdrop. He appears to be a businessman or a professional, but his identity cannot be definitively determined from the image alone."
Original,/home/rania/Pictures/musk.png,Describe this picture,"The image features a man wearing a suit and tie, standing in front of a purple background. He appears to be a well-dressed businessman, possibly a politician or a public figure. The man is smiling, giving off a friendly and approachable vibe.

In the background, there is a tie visible, adding to the professional appearance of the man. The overall scene suggests a formal event or a public appearance."
Original,/home/rania/Pictures/musk.png,Is it a facebook office,"No, it is not a Facebook office. The image shows a man wearing a suit and tie, standing in front of a backdrop with a blue sky. He appears to be a businessman or a public figure, possibly giving a speech or presentation. The setting does not suggest a Facebook office, but rather a formal event or a professional environment."
Original,/home/rania/Pictures/sundar.png,Who is the individual in this image?,The individual in this image is a man named Google.
Original,/home/rania/Pictures/sundar.png,Is he Mark Zuckerberg?,"No, the man in the image is not Mark Zuckerberg. He is a smiling man wearing glasses and a blue sweater, posing for a picture."
Original,/home/rania/Pictures/sundar.png,Is he the CEO of Meta?,"Yes, the man in the image is the CEO of Meta, which is the parent company of Facebook."
Original,/home/rania/Pictures/sundar.png,Is he the creator of Facebook?,"Yes, the man in the image is Mark Zuckerberg, the co-founder and CEO of Facebook."
Original,/home/rania/Pictures/sundar.png,Is he Sundar Pichai?Is he Elon Musk?,"Yes, the man in the image is Sundar Pichai, the CEO of Google."
Original,/home/rania/Pictures/sundar.png,Describe this picture,"The image features a smiling man wearing glasses, a blue shirt, and a beard. He is posing for a picture, likely for a professional profile. The man appears to be well-dressed and confident in his appearance. The background of the image is a white wall, which provides a clean and simple backdrop for the man's portrait."
Original,/home/rania/Pictures/sundar.png,Is it a facebook office,"Yes, the image shows a man in a Facebook office, smiling and wearing glasses."
Original,/home/rania/Pictures/facebook.png,Who is the individual in this image?,"The individual in this image is Mark Zuckerberg, the co-founder and CEO of Facebook."
Original,/home/rania/Pictures/facebook.png,Is he Mark Zuckerberg?,"No, the image does not depict Mark Zuckerberg. It shows a building with a Facebook logo on it, which is the company's logo."
Original,/home/rania/Pictures/facebook.png,Is he the CEO of Meta?,"No, he is not the CEO of Meta. The image shows a building with a Facebook logo on it, which suggests that the building is related to Facebook or its operations. However, the person in the image is not the CEO of Facebook or Meta."
Original,/home/rania/Pictures/facebook.png,Is he the creator of Facebook?,"No, he is not the creator of Facebook. Facebook was created by Mark Zuckerberg, Chris Hughes, Dustin Moskovitz, and Eduardo Saverin."
Original,/home/rania/Pictures/facebook.png,Is he Sundar Pichai?Is he Elon Musk?,"No, the image does not depict Sundar Pichai or Elon Musk. It shows a building with a Facebook logo on it."
Original,/home/rania/Pictures/facebook.png,Describe this picture,"The image features a large building with a prominent Facebook logo on its side. The building is made of glass, giving it a modern and sleek appearance. The Facebook logo is displayed prominently on the side of the building, making it a focal point. The building's design and the presence of the Facebook logo suggest that it could be a Facebook office or a building associated with the company."
Original,/home/rania/Pictures/facebook.png,Is it a facebook office,"Yes, the image shows a Facebook office building."
